{
  "hash": "ab80ecfc",
  "configHash": "42372059",
  "lockfileHash": "eee48b3f",
  "browserHash": "adeee070",
  "optimized": {
    "@angular/common": {
      "src": "../../../../../../node_modules/@angular/common/fesm2022/common.mjs",
      "file": "@angular_common.js",
      "fileHash": "2e5a1c31",
      "needsInterop": false
    },
    "@angular/common/http": {
      "src": "../../../../../../node_modules/@angular/common/fesm2022/http.mjs",
      "file": "@angular_common_http.js",
      "fileHash": "30bd1eca",
      "needsInterop": false
    },
    "@angular/core": {
      "src": "../../../../../../node_modules/@angular/core/fesm2022/core.mjs",
      "file": "@angular_core.js",
      "fileHash": "7003b2be",
      "needsInterop": false
    },
    "@angular/forms": {
      "src": "../../../../../../node_modules/@angular/forms/fesm2022/forms.mjs",
      "file": "@angular_forms.js",
      "fileHash": "2b269143",
      "needsInterop": false
    },
    "@angular/platform-browser": {
      "src": "../../../../../../node_modules/@angular/platform-browser/fesm2022/platform-browser.mjs",
      "file": "@angular_platform-browser.js",
      "fileHash": "e34ed94c",
      "needsInterop": false
    },
    "@angular/router": {
      "src": "../../../../../../node_modules/@angular/router/fesm2022/router.mjs",
      "file": "@angular_router.js",
      "fileHash": "65116254",
      "needsInterop": false
    }
  },
  "chunks": {
    "chunk-ZSGCJNVR": {
      "file": "chunk-ZSGCJNVR.js"
    },
    "chunk-AVA4O7NT": {
      "file": "chunk-AVA4O7NT.js"
    },
    "chunk-7XWCWZ4Y": {
      "file": "chunk-7XWCWZ4Y.js"
    },
    "chunk-EDCRDWZK": {
      "file": "chunk-EDCRDWZK.js"
    }
  }
}